{
"lowlevel": {
    "flatness": {
        "mean": [0.393363505602]
    },
    "mfcc": {
        "mean": [-1245.76293945, 26.0244159698, 23.7108573914, 21.4176654816, 19.0858650208, 15.8997116089, 12.1373081207, 9.19249629974, 7.74447870255, 7.05267953873, 6.38958883286, 6.15948534012]
    },
    "onsets": {
        "mean": [139.116256714]
    },
    "spectral_complexity": {
        "mean": [0]
    }
}
}