{
"lowlevel": {
    "loudness": {
        "mean": 0.0299921520054
    },
    "melbands": {
        "mean": [4.55596600659e-05, 0.000237486005062, 0.000321871921187, 0.000154281457071, 0.000112696478027, 0.000348420289811, 8.74058023328e-05, 4.48210666946e-05, 5.13256927661e-05, 5.23379494553e-05, 4.96067877975e-05, 1.90761875274e-05, 7.2252805694e-06, 6.22345578449e-06, 3.38081486007e-06, 8.83146583419e-07, 3.64334027836e-07, 2.75821236073e-07, 1.44186287798e-07, 7.05242158006e-08, 3.16609884976e-08, 1.16550413765e-08, 2.5695823247e-09, 3.46795980821e-10]
    },
    "mfcc": {
        "mean": [-730.309814453, 136.779281616, -56.720954895, 10.9207792282, -6.11627578735, -3.23530340195, -7.41246080399, -3.20349669456, 0.894425153732, -9.23547649384, -11.1411647797, 8.2312040329, 1.14002323151]
    }
}
}