{
"lowlevel": {
    "onsets": {
        "mean": 3062.00390625
    },
    "mfcc": {
        "mean": [-801.099853516, -38.4993171692, -60.3787879944, -1.53213572502, 4.63215684891, 36.0381965637, 4.09753465652, -4.40789365768, 4.06374073029, 17.5664634705, 20.8030147552, 29.9960250854, 13.0004291534]
    }
}
}