{
"lowlevel": {
    "onsets": {
        "mean": 264.562744141
    },
    "mfcc": {
        "mean": [-1127.09313965, -88.9056930542, -42.4239387512, 22.4224491119, 13.4237146378, 22.7759666443, -16.9663333893, -29.1546440125, 0.797690212727, 40.709526062, 8.93812656403, -52.3111991882, -5.16436481476]
    }
}
}