{
"lowlevel": {
    "loudness": {
        "mean": 0.000135782160214
    },
    "mfcc": {
        "mean": [-1139.00769043, 54.7121162415, -2.41210842133, 15.2964000702, 8.21897220612, 1.63899290562, 0.713503241539, -6.99062681198, -6.87814092636, -4.05944061279, -3.9280371666, -2.41044354439, -3.89993047714]
    }
}
}