{
"lowlevel": {
    "loudness": {
        "mean": 0.173099800944
    },
    "mfcc": {
        "mean": [-704.257202148, 230.138961792, -30.2187004089, 67.8659896851, 18.7671222687, 20.1136131287, 11.3037366867, 18.9779663086, 22.4117527008, 8.35762119293, -0.862826824188, -9.76218986511, -16.6834926605]
    }
}
}